type	name	reading	content
lecture	Intro	Intro
lecture	Why Computation	Intro
lecture	Computational Thinking	Intro	Computational Thinking, Imperative Programming
lab	Hello World (Python Install)	Statements
lecture	Expessions	Variables	Expressions,Types,Literals,Logical Operators
lecture	Variables	Variables	Variables,Statements,Comments
lab	Fuel Economy Calculator
lecture	Conditional Execution (if)	Conditionals,Variables,Strings,Expressions
lecture Alternative Execution (else)	Conditionals,Expressions,Strings
lecture	Nested Conditionals Execution	Conditionals,Nesting
lab	Text Adventure Game
lecture	Exceptions	Conditionals
lecture	Built-in Fuctions	Functions
lecture	Custom Functions	Functions
lab	Canelled Vacuum Lab 1 (no history, random only)
lecture	While	Iterations
lecture	For	Iterations
lecture	Loop Patterns	Iterations
lab	Guess Number Game
lecture Strings	Strings
lecture Methods and Formatting	Strings
lab	Chatbot
lecture Exam Review	Strings
exam	Exam 1
review	Exam Reflection + Files	File
lecture	Opening Files	Files
lecture Modifying Files	Files
lab	File Lab
lecture Lists	Lists
lecture	List Methods	Lists
lecture	List Functions	Lists
lab	List Lab
lecture	Dictionaries	Dictionaries
lecture	Dictionary Traversal and LeetCode Roman numerals	Dictionaries
lecture	Tuples	Tuples
lab	Dict lab
lecture	Tuples and Dictionaries	Tuples
lecture	List Comprehensions	Tuples
lab	Tuple lab
lecture	Regular Expressions	Regular Expressions
lecture	Regular Expressions	Regular Expressions
lecture	Regular Expressions	Regular Expressions
lab	Regex lab
lecture	Objects	Objects
lecture	Classes	Objects
lecture	Inheritance	Objects
lecture	Data Analysis Related
lecture	Unit Testing
lab	?
lecture Command Line
lecture Applied Security Related
review	Final Review
lab	No Lab
lecture	Parts of a Computer?
lecture	VMs?
lecture	CS History?
lecture	Debugging?